name,src_file,src_line,total_ns,total_perc,counts,mean_ns,min_ns,max_ns,std_ns
Scripts::api_behaviours.reload,C:\Users\ivanm\source\repos\myengine\engine\src\scripting\ScriptSystem.cpp,161,6269006,0.703529,3,2089668,1214775,3763742,1450284.212313
Scripts::api_behaviours.Counter.OnStart,C:\Users\ivanm\source\repos\myengine\engine\src\scripting\ScriptSystem.cpp,161,85592,0.009605,13,6584,2094,24847,6567.317362
Scripts::api_behaviours.Counter.fail,C:\Users\ivanm\source\repos\myengine\engine\src\scripting\ScriptSystem.cpp,161,499999,0.056112,1,499999,499999,499999,0.000000
Scripts::Update,C:\Users\ivanm\source\repos\myengine\engine\src\scripting\ScriptSystem.cpp,273,45498722,5.106018,24,1895780,90,20210012,4585766.887140
Scripts::api_behaviours.PrefabSpawner.reload,C:\Users\ivanm\source\repos\myengine\engine\src\scripting\ScriptSystem.cpp,161,25869,0.002903,1,25869,25869,25869,0.000000
Scripts::api_behaviours.ReloadProbe.OnUpdate,C:\Users\ivanm\source\repos\myengine\engine\src\scripting\ScriptSystem.cpp,161,15209,0.001707,7,2172,1263,4970,1278.685197
Scripts::api_behaviours.PrefabSpawner.OnReload,C:\Users\ivanm\source\repos\myengine\engine\src\scripting\ScriptSystem.cpp,161,3096,0.000347,1,3096,3096,3096,0.000000
Scripts::api_behaviours.PrefabSpawner.OnStart,C:\Users\ivanm\source\repos\myengine\engine\src\scripting\ScriptSystem.cpp,161,7314,0.000821,2,3657,3396,3918,369.109740
Scripts::Events,C:\Users\ivanm\source\repos\myengine\engine\src\scripting\ScriptSystem.cpp,688,40475,0.004542,21,1927,50,37762,8211.363121
Scripts::Flush,C:\Users\ivanm\source\repos\myengine\engine\src\scripting\ScriptSystem.cpp,804,53096,0.005959,21,2528,20,31460,7441.459494
Scripts::api_behaviours.Broken.create,C:\Users\ivanm\source\repos\myengine\engine\src\scripting\ScriptSystem.cpp,161,28304,0.003176,1,28304,28304,28304,0.000000
Scripts::api_behaviours.ReloadProbe.create,C:\Users\ivanm\source\repos\myengine\engine\src\scripting\ScriptSystem.cpp,161,67859,0.007615,3,22619,16411,33454,9416.132805
Scripts::api_behaviours.ProfileProbe.OnUpdate,C:\Users\ivanm\source\repos\myengine\engine\src\scripting\ScriptSystem.cpp,161,30940724,3.472271,5,6188144,5862,20038205,9054490.493642
Scripts::api_behaviours.ProfileProbe.OnStart,C:\Users\ivanm\source\repos\myengine\engine\src\scripting\ScriptSystem.cpp,161,4889,0.000549,2,2444,711,4178,2451.539312
Scripts::api_behaviours.Counter.reload,C:\Users\ivanm\source\repos\myengine\engine\src\scripting\ScriptSystem.cpp,161,75533,0.008477,4,18883,12183,24116,5028.902100
Scripts::api_behaviours.ReloadProbe.OnReload,C:\Users\ivanm\source\repos\myengine\engine\src\scripting\ScriptSystem.cpp,161,2756,0.000309,1,2756,2756,2756,0.000000
Scripts::api_behaviours.Broken.OnStart,C:\Users\ivanm\source\repos\myengine\engine\src\scripting\ScriptSystem.cpp,161,2184,0.000245,1,2184,2184,2184,0.000000
Scripts::api_behaviours.Counter.OnDestroy,C:\Users\ivanm\source\repos\myengine\engine\src\scripting\ScriptSystem.cpp,161,26470,0.002971,4,6617,2625,13065,4545.167177
Scripts::api_behaviours.ProfileProbe.create,C:\Users\ivanm\source\repos\myengine\engine\src\scripting\ScriptSystem.cpp,161,136860,0.015359,2,68430,58381,78479,14211.432088
Scripts::api_behaviours.Counter.add,C:\Users\ivanm\source\repos\myengine\engine\src\scripting\ScriptSystem.cpp,161,11913,0.001337,1,11913,11913,11913,0.000000
Scripts::api_behaviours.Broken.OnUpdate,C:\Users\ivanm\source\repos\myengine\engine\src\scripting\ScriptSystem.cpp,161,1113403,0.124950,1,1113403,1113403,1113403,0.000000
Scripts::api_behaviours.Listener.OnCollision,C:\Users\ivanm\source\repos\myengine\engine\src\scripting\ScriptSystem.cpp,161,24928,0.002798,2,12464,3487,21441,12695.395149
Scripts::api_behaviours.PrefabSpawner.create,C:\Users\ivanm\source\repos\myengine\engine\src\scripting\ScriptSystem.cpp,161,419146,0.047038,3,139715,38213,319416,156060.937792
Scripts::api_behaviours.ProfileProbe.work,C:\Users\ivanm\source\repos\myengine\engine\src\scripting\ScriptSystem.cpp,161,10008973,1.123240,1,10008973,10008973,10008973,0.000000
Scripts::HotReload,C:\Users\ivanm\source\repos\myengine\engine\src\scripting\ScriptSystem.cpp,306,7560006,0.848409,23,328695,50,3909168,938617.268933
Scripts::Start,C:\Users\ivanm\source\repos\myengine\engine\src\scripting\ScriptSystem.cpp,584,4097145,0.459795,21,195102,230,3499781,758334.962694
Scripts::api_behaviours.Counter.OnReload,C:\Users\ivanm\source\repos\myengine\engine\src\scripting\ScriptSystem.cpp,161,3606,0.000405,4,901,591,1513,421.047899
Scripts::api_behaviours.Listener.OnTrigger,C:\Users\ivanm\source\repos\myengine\engine\src\scripting\ScriptSystem.cpp,161,5019,0.000563,2,2509,2284,2735,318.905942
Scripts::api_behaviours.Listener.OnUpdate,C:\Users\ivanm\source\repos\myengine\engine\src\scripting\ScriptSystem.cpp,161,7605,0.000853,12,633,341,1453,328.346408
Scripts::api_behaviours.ReloadProbe.OnStart,C:\Users\ivanm\source\repos\myengine\engine\src\scripting\ScriptSystem.cpp,161,4719,0.000530,2,2359,1463,3256,1267.842656
Scripts::OnUpdate,C:\Users\ivanm\source\repos\myengine\engine\src\scripting\ScriptSystem.cpp,761,32737409,3.673901,21,1558924,130,20057182,4851531.581844
Scripts::api_behaviours.PrefabSpawner.OnUpdate,C:\Users\ivanm\source\repos\myengine\engine\src\scripting\ScriptSystem.cpp,161,511300,0.057380,10,51130,1684,385231,119938.672510
Scripts::api_behaviours.Counter.OnUpdate,C:\Users\ivanm\source\repos\myengine\engine\src\scripting\ScriptSystem.cpp,161,84163,0.009445,43,1957,832,8917,1530.925817
Scripts::api_behaviours.Listener.OnStart,C:\Users\ivanm\source\repos\myengine\engine\src\scripting\ScriptSystem.cpp,161,3025,0.000339,2,1512,521,2504,1402.192925
Scripts::api_behaviours.Counter.create,C:\Users\ivanm\source\repos\myengine\engine\src\scripting\ScriptSystem.cpp,161,3863790,0.433607,17,227281,12904,3484993,839571.292339
Scripts::api_behaviours.Counter.missing_method,C:\Users\ivanm\source\repos\myengine\engine\src\scripting\ScriptSystem.cpp,161,1012,0.000114,1,1012,1012,1012,0.000000
Scripts::api_behaviours.Listener.create,C:\Users\ivanm\source\repos\myengine\engine\src\scripting\ScriptSystem.cpp,161,72448,0.008130,2,36224,17423,55025,26588.629186
Scripts::api_behaviours.ReloadProbe.reload,C:\Users\ivanm\source\repos\myengine\engine\src\scripting\ScriptSystem.cpp,161,15870,0.001781,1,15870,15870,15870,0.000000
